5,120 Đại Cồ Việt - 242 Xã Đàn,28,0102000020E610000013000000BBC6375A1D765A40FEC0AB510F0235406A158B9510765A40F3D1A9380A023540E3E8628B0C765A40FF565D560C0235409E579B69F5755A407E8C629A0002354065A3B4B2EB755A404391B3B7FD01354018E566C0DD755A40E929704BFE01354057B0EEA5D5755A40FD33D786020235402D6779B1CB755A406E791E250C0235401E1BCACAC4755A40BCCD1D1C170235405AF3F2DDBD755A40A709C37F26023540F1BB6F34B2755A4019B89C8C4D02354082698768A7755A40FFD72041780235404DBEE425A5755A408F89FC687E02354016B69415A1755A40E8364C74910235400BFC397A9D755A406BD5E326A30235406EC5AA3495755A40C5EBC5A0D3023540161C1F1D93755A40E0C9C9D2DD02354041542FF08A755A407869EB8603033540530669DE83755A40ECF43EC420033540,go,5,4
6,242 Xã Đàn - 94 Ô Chợ Dừa,28,0102000020E61000000E000000CA012EDF83755A409AD066CA20033540D5E506E452755A400255CBDFEE033540EDB2A5F44A755A405E748A930F04354099229D853F755A40017EFA42380435408C66607033755A40864739725E043540EEB8E10127755A40460C278487043540DFB5DCC021755A4005A66D199C043540A85EA3D719755A40EF538225B9043540CCE59C8315755A401106234EC9043540DD97D6710E755A40134C2FEDDC043540B1B14D7E08755A4049349A5AEB043540549E736B03755A40BCC8CAD1F80435400DBB246AFA745A40F79F37580C0535406574EFB5EB745A403F1FDECB2B053540,go,6,5
7,94 Ô Chợ Dừa - 35 Hoàng Cầu,28,0102000020E610000007000000D2B74BB5EB745A40676686D72B053540D2B74BB5EB745A40676686D72B053540E758231EDC745A40B68842164E0535406D461C63DA745A406E1AFAAE540535403853825AD7745A40BD0D0F8C5A0535407EC3D02CD5745A40A570156C4A053540A459EABEBB745A405E9F821885043540,go,7,6
8,35 Hoàng Cầu - 105 Hoàng Cầu,28,0102000020E61000000B000000824BB4ABBB745A40FFB5A1A984043540469D932BB8745A402B54D5B569043540511486F4B4745A40B4ABDC4F51043540D9CB7721B2745A4062C09668420435408B16B9E2AE745A403205E1793A04354037DF6FFCAB745A4013E983AE37043540878E68F590745A40C9C0E7F536043540A7120B5C8E745A40105C612835043540D21E4A498C745A40E32DCEBF2F04354092E3064386745A40D7BBAD8F17043540D6C1E82577745A405EE811F9D8033540,go,8,7
9,105 Hoàng Cầu - 48 Hoàng Cầu,28,0102000020E6100000050000006EB8722277745A407D52FDE5D80335407F8F73F565745A40C9D3C51F8F033540B28DEAB168745A40A9B03E0F87033540C41C5D0B85745A4051397F34FF0335404B3518BA88745A40A02116C20E043540,return,9,8
10,48 Hoàng Cầu - 34 Hoàng Cầu,28,0102000020E61000000C00000069D8A0D288745A404C94FF680F043540C776083D8C745A4004A0C2041E043540D2824BEA90745A403FC40BBD28043540FD14B09E94745A406556B0FE2C043540CBCB9D5A96745A4012C48B412E04354008086DA2AC745A402E4AEDD52D043540C4BE5A93B0745A40A8F497B833043540BA81CB1FB3745A40AA005B803904354034A6941EB6745A405986BC5246043540F91FF366BA745A4047C20B8966043540116985FABB745A40EEE6540364043540D5E2E342C0745A40C89CC28A83043540,return,10,9
11,34 Hoàng Cầu - 109 Ô Chợ Dừa,28,0102000020E6100000060000005A444C4BC0745A407F0A1EB3830435400BFBB18BC5745A40EBF0871BA904354055CA65F1C3745A406315F160AC04354021A57CD8D7745A40B9DF8418460535409106D57FDA745A4028F80A6A440535403E1E5B18F1745A40EE423D4C11053540,return,11,10
12,109 Ô Chợ Dừa - 253 Xã Đàn,28,0102000020E61000000A0000004FE12B29F1745A40AE73C93E11053540AFC8C5A2F8745A40EF1E74DAFE043540470595E103755A403C818C78E60435407F5A2A6007755A402DB298E6E0043540BDAF7F510A755A40396906E9DA0435405EA35CD90F755A40E9EF2748C8043540F1D3A8DD15755A40D476097BAE043540467290621A755A40DB092E2697043540834D677E20755A40183BFA3288043540CC7D539D2F755A406BB658ED5B043540,return,12,11
13,253 Xã Đàn - 165 Xã Đàn,28,0102000020E610000004000000074DC7AA2F755A40787989B75B043540CC64CDF342755A40E656C0211D0435403089D6B448755A40A81AF1D9060435400AA13C8259755A40FCA2D2E8C0033540,return,13,12
14,165 Xã Đàn - 65 Đại Cồ Việt,28,0102000020E610000014000000E5576A9659755A4091C71B98C00335401993F96B90755A4027DB5E1ED902354031620D2A95755A40E418EE7FC0023540CC18BBF79C755A408FE921DC930235409BDB6B7BA4755A4065587DB4700235402BCFA8F1AB755A4061DF5EB254023540EE48A780B0755A407D4137624202354043AA1FBEB6755A400336F40C2C023540AE91391DBD755A40642AB1211A023540BE602DAFC2755A4081D55B270C023540E83B0400CB755A406B740377FE0135404154CA13CC755A4021D69BD7F80135403A23FE67D4755A408FE25E61F10135402A2FC164DC755A402C814612ED0135404147A778E5755A40D3A58F8CEA013540F48F5976F3755A40DD2BF155EC013540FD82B6C00B765A4057E25E00F801354085F0916D11765A403D68C033FE0135402539E4E621765A403974C388040235401D141B9030765A406A12AB770D023540,return,14,13
15,65 Đại Cồ Việt - 120 Đại Cồ Việt,28,0102000020E6100000090000008BEF319A30765A40B4A44F4F0D023540D0D64B633B765A40661EAECC130235401375331D42765A40672A719419023540E0FA74594B765A40A6C898DB2002354046137BC54A765A409B1DEEA02C0235400F2C010E3E765A40CCD45B39220235401CA65F8239765A40F0D45BCF1D023540A7B202762E765A4091B01281170235409F8E59651D765A404C4F3A550F023540,return,4,14
16,32 Phố Khâm Thiên - 316 Phố Khâm Thiên,36,0102000020E6100000040000002E61AD8BB6755A402DA6D51EDB043540BCF4B1628E755A40E4A5D5F2E3043540B47BD3ED72755A40FEFA2A4EEB0435402ED208F94E755A406C68864AF4043540,go,16,15
17,316 Phố Khâm thiên- 94 Ô Chợ Dừa,36,0102000020E61000000E000000230F38E84E755A4020D6E172F40435405534C1473B755A40EE12B112F904354048281EE136755A40D7C91E7FF70435407ADF4BEC2B755A40EEEE272EE7043540253541E621755A404F2CF725DA043540760415781F755A4013E364FCDC04354013663DBE1C755A40D281EC89D40435408CBB026018755A40B87509CBD10435400E9779EE15755A402C514001D1043540FD8A161512755A4072A615D8D2043540BB72B0850E755A400A20F4A4DC043540F1AFBF7406755A4003074ECFF0043540E6666D3903755A40A6800C3BF9043540F5F9F19DEB745A40EEF80A232C053540,go,6,16
18,94 Ô Chợ Dừa - 35 Hoàng Cầu,36,0102000020E61000000500000001BD1A9DEB745A40EEF80A232C053540F09839FFDB745A4073DFE4A54E0535403A68ED64DA745A40ED898F88540535405F2BDE6CD7745A40FD58831A5A053540412C0EB3BB745A40E2E5541E85043540,go,7,6
19,35 Hoàng Cầu - 105 Hoàng Cầu,36,0102000020E610000009000000432C0EB3BB745A40770A3E1485043540BBFB9982B4745A40BE6D96594E043540188E3E25B2745A405E3D8A4342043540B5EF1648AF745A40DA0C7E973A043540942023EBAB745A40B83D8A3A37043540B0F0166290745A40E2861C9936043540872153FC8D745A40CF3D4A78340435406A1510848B745A40D16E56B12C043540C5832B4277745A40F20F7E7BD9033540,go,8,7
20,105 Hoàng Cầu - Thái Hà,36,0102000020E6100000040000000E16203D77745A40B5400A6ED90335402278780766745A406B985F208F033540B8462C7F7A745A40E03807E250033540B8462C7F7A745A40E03807E250033540,go,17,8
21,176 Thái Hà - 56 Thái hà,36,0102000020E6100000090000004DA894877A745A40BB2C64E550033540CF15500881745A4098BF08153F0335406A461CF285745A4077155E292E0335404EC0BA5D86745A409F522DC02703354027CCBD1C91745A4031DACE88F902354077E4034B93745A40140B9B9EF5023540ABFCC9C898745A404FAAC2FFDD0235403D2D16CD9E745A4064B7451FC2023540B751DFCBA1745A405CDC0EABB5023540,go,18,17
22,56 Thái hà - 21 Chùa Bộc,36,0102000020E61000000D0000002C2DF6D5A1745A406C9FDFBBB502354002F0C685A8745A403EA01FCD9B023540D5B2377CAF745A40593F070B8802354005455CA3B2745A40C70EBB0682023540BB75A83DB4745A4043DEAE5A7A023540E2501FD5BC745A40894C0ADB680235403CEFC6CCC0745A400859CD2F5F02354083CA7D87C5745A40458A993C5002354001B2F76AC9745A40774DCA9C4B0235408A5CE2A5CD745A4036BBA5AA4A023540F0FAC9F5CF745A40858A198348023540E4C93DD7D8745A4064E06E97370235406A7EAB4D22755A40578FD9E1B1013540,go,24,18
23,21 Chùa Bộc - 18 Phạm Ngọc Thạch,36,0102000020E61000000D0000004335D96122755A40568FD9E1B1013540E0AE17E82B755A406BF1F11EA0013540E534B93E2E755A4036163B2F99013540EB7D4B0732755A407AD96B5A92013540A070C88654755A40B8430735FF013540A6F669DD56755A40E4A41F230A0235406A70C8255B755A403898DC52190235400458C2B95B755A409AF9F4A11D0235405032D9137F755A40E1F5F49A92023540DF19F30881755A40CDF5941695023540664ABF2788755A4017B825E1AC023540BC62258289755A4009873909B60235404887EE4B8A755A4023931CC8B8023540,return,21,24
24,18 Phạm Ngọc Thạch - 394 Lê Duẩn,36,0102000020E6100000120000001D7B4B4F8A755A40A03104E3B8023540F7B7FA8D8D755A40DD92BCE2C102354075DC83FF8F755A402D6EF382C5023540184ADF5C92755A4098DBEEC5CE023540216285189D755A409363E0739302354008626521A0755A40FDA08F0A85023540BF55A22DA3755A4002C698EE76023540A255C2C3A6755A40A00F4B3B680235404355025AB2755A406C2991103C0235404524B693B9755A40A205088D230235401E6DC8E0C2755A4010B132A40B023540861773F8CA755A40652B9144FE01354058CE2027CC755A40F943172CF8013540296085E4DA755A4097D6FB87ED01354058A9D7B5D9755A400867E04E270235400D1733DED9755A4044D4FB5C36023540E80A7080D8755A402BA32FE640023540AB3BFC72D8755A40A3DEFE746F023540,return,22,21
25,394 Lê Duẩn - 326 Lê Duẩn,36,0102000020E610000002000000AB3BFC72D8755A401D7DE68F6F023540D347CF66D9755A40155B00AD9D033540,return,23,22
26,326 Lê Duẩn - 32 Phố Khâm Thiên,36,0102000020E610000007000000BBC17D68D9755A40D98BDCC29D033540AFFEAC57D9755A40C875292CD3043540892FF987D6755A40C875292CD30435407BA9D74BD5755A40B6752961D504354012FF2C34CD755A40DC81ECBED60435407854422ECB755A402151E0B1D50435409AF34998B6755A40A0FB4A07DB043540,return,15,23
27,54 Phạm Văn Nghị - 28 Phan Bá Vành ,105,0102000020E6100000090000002124E251CC705A40451793DD9B103540A3828158ED705A40A271A1F359103540FF59BA5E14715A4051A695E523103540E07ACA5B40715A403605E40CE80F35402E7ABD8E5E715A40FAB82956C00F35405D5353E668715A40C1D36606C50F35407803DF8C7A715A4084BD6967C60F35409B042F117C715A40C9DDBD0B750F3540656277FF7C715A406BA16391620F3540,go,26,25
28,28 Phan Bá Vành - 34 Nguyễn Văn Giáp,105,0102000020E61000000F0000005BD615067D715A40C6D473A7620F35405F4CE73A7F715A40E765672C520E354014190DE378715A405226E73AFD0D35403A6B21456A715A40954A3839920D354063789EC15C715A40EDBCA03F320D354019B612D632715A4029884E36310C354009DECC022A715A40FCBAE5D6170C3540804ADB5D00715A4046A370861E0B3540F7B6E9B8D6705A40E992CD92E90A3540E0F2007CC9705A40C03B3668D20A3540D5908CDDC2705A407AEF7BB1AA0A354095BF2624C3705A403AD4FB49860A35404C47B5E6BD705A40F9FD12C8600A3540BF870CBBB6705A40C0CE35CA400A3540F3F6FDD5AF705A4042539E15F9093540,go,27,26
29,34 Nguyễn Văn Giáp - 68 Phố Hồng Đô,105,0102000020E610000012000000B625981CB0705A4046539E15F90935408F89690C9A705A403298866F5C09354093FF3A419C705A402EB5B49CC80835400C71CC6498705A40AB9BE2FAEB07354009FBFA2F96705A4057EDB3A5BD073540657769C781705A40A82EE25C5A0735402B8D23AF60705A40C085CAFBD50635408FF534B050705A4089115618B706354006AC5DB94B705A400D51277E70063540936B06E552705A4076563E721A063540A2434CB85B705A40DF5B5566C40535409ECD7A8359705A40893755DC93053540F6D317E642705A40632E262EEC0435407F1DEFDC47705A40CFA90E579804354046C7DD2070705A40A52A0E74EE033540FD9886918F705A40C0F7C7476C0335404F47B5E6BD705A40E3B02485EE02354093D80683E4705A40A5BD0DD65C033540,go,28,27
30,68 Phố Hồng Đô - 37 Lê Quang Đạo,105,0102000020E610000005000000E44C6071E4705A402160D9485C033540DDAAD7B504715A402AE0B00EAA033540C88650CD31715A40C957157FCD03354053D5AA8C5C715A406A1F09D305033540C1C43D8365715A40F8C04ED7C5023540,go,29,28
31,37 Lê Quang Đạo - 56 Phố Đại Linh,105,0102000020E61000000C0000001139977165715A40B8EFE81DC6023540088246A669715A4069463D91BD023540C4D9059381715A401C75284C22023540371A5D677A715A407FDC045337013540AFD0857075715A40D809D673D8003540EB2B1AF572715A40725227FC9D0035406E44B79C74715A4034F20FAF7A003540980C9D3368715A40B609785CA1FF3440B6720E2C55715A40C3B9547717FF344017AF68A667715A40953183FDFCFE344015F4FF8B66715A4068641A9EE3FE34401E05B04C7D715A400368D440AAFE3440,go,30,29
32,56 Phố Đại Linh - 68 Đường Trung Văn,105,0102000020E61000000B000000CE90565E7D715A407E0AA0B3A9FE34408EF4424386715A406C2DD7177BFE3440D6A1061F94715A4074CF5FD35AFE34401898792FA6715A40AD8F15CC43FE34402BE69037B1715A401447C4437EFE3440763C517F24725A4058FE14A481FD344074CB021348725A40EB152CDD43FD34401C0AFD955D725A40DFF84E243CFD344003D5C5EC73725A40F08BFD1146FD3440609B4E3284725A40F6BC376149FD3440E4472036CF725A403800218100FE3440,go,31,30
33,68 Đường Trung Văn - 56 Lương Thế Vinh,105,0102000020E610000004000000E4472036CF725A403600218100FE3440C2368B6AD7725A40CAAB6C160CFE3440A05A483DE8725A4043D3E38BE3FD344060D3FC310D735A40090B4F6954FD3440,go,32,31
34,56 Lương Thế Vinh - 78 Nguyễn Trãi,105,0102000020E610000003000000A3A462EB0C735A40886883F654FD3440A0539E0D1D735A4080E8AB3007FD34402C8495A500735A40B5393A24B9FC3440,go,33,32
35,78 Nguyễn Trãi - 69 Nguyễn Trãi,105,0102000020E6100000050000001927FFA900735A4066C5E035B9FC34403DAF2BFEFB725A40E8B87086A8FC3440E03BF33DDE725A40A5631BB855FC344073F7831AE0725A40508935DC49FC34400B14234F06735A408D8F5274AFFC3440,go,34,33
36,69 Nguyễn Trãi - 39 Nguyễn Trãi,105,0102000020E6100000070000000B14234F06735A40B6497F6BAFFC3440D2141A5A07735A404938D63EB7FC3440749BF25C2F735A40F774338B27FD3440DD594B0435735A400EAFEDFC36FD34408FA05A3036735A4011E0274C3AFD3440E28A855338735A401556F9803CFD34408474A3A958735A408FDC9CFF92FD3440,go,35,34
37,39 Nguyễn Trãi - 19 Nguyễn Trãi,105,0102000020E61000000900000098D139A558735A408DDC9CFF92FD34405535268A61735A40E9C31A4DB0FD3440894127FE90735A4024E2DB2036FE344030C1A017A0735A40645FD02661FE3440A2364A8AA1735A40F0D9E16C69FE344032D250D8B6735A40C9EEC471A4FE3440F0D2F13B15745A40437C0BF79FFF34401B27DC9047745A400B25235824003540C7E89A9451745A404D0739D23A003540,go,36,35
38,19 Nguyễn Trãi - 18 Tây Sơn,105,0102000020E610000008000000C7E89A9451745A40FB92DFE33A003540E9A5198755745A40F6B7EC3A4D003540E75103AE61745A40DED4E4E873003540857073A28A745A4094747C27EC003540B604721496745A400A61624810013540610A02AA9D745A4078A63CE52E013540BA25671CA3745A4064D379DA4B0135408FBAD268AF745A40862E739FA6013540,go,37,36
39,18 Tây Sơn - 36 Lê Duẩn,105,0102000020E61000000E0000008DBAD268AF745A40852E739FA6013540932FDE49B0745A401442D7C9C0013540FF0E2CF9C2745A40D7DEC13254023540DF1E8C35D8745A40BE689F89ED023540B8424908E9745A405858AB215403354082D357EDEF745A40AA23B72F8A033540791D729B14755A4012A87D92790435408C26F2BD20755A408E712C4FCC0435405E5E0C272D755A4033C3AC85390535400D317BEB4D755A405D229C7B540635402ECDA9FB63755A40889F3F0D1B073540DCE3E95182755A408C941125C7073540526C1978DB755A40F6D53FDC63073540F5CA9D89DD755A4066E55C6159073540,go,38,37
40,36 Lê Duẩn - 44 Trần Phú,105,0102000020E61000000D0000006E9CD28BDD755A40DF13E34659073540ACB2CF2ADC755A401E3A252D4E073540760F52C5DB755A401CB0AC1612073540AD2AD22C00765A40D6017EC1E30635402D23E54515765A40B0341562CA06354086A36B2C06765A40177098F9380735405244BF5803765A40B969FB964F073540D191AE9E0D765A401D4D61956707354076AB9BCA10765A404681C15BAD073540C784162DFC755A4020A57E2EBE0735406CADDD26D5755A408FEA58CBDC07354058A3F28AA8755A404032D370FE073540CC271BF19E755A40D3DD1E060A083540,return,39,38
41,44 Trần Phú - 37 Đào Tấn,105,0102000020E610000009000000CD271BF19E755A40FB974BFD090835405AB2717E9D755A40FF95BF55070835404CB2DDE720755A4074207B23630835408CA1F73CCC745A401738925C25083540558677D5A7745A40F756CC66100835404F9AD46BA3745A40F811358111083540FA67D1F640745A40AFED34F7E0073540ED8F8B2338745A40A7462973DB073540DACBA2E62A745A400E5BC9C0F6073540,return,40,39
42,37 Đào Tấn - 105 Đường Bưởi,105,0102000020E610000009000000B31176EF2A745A404E2C2F7AF6073540BD5069DE21745A4049FBF42AF3073540CC1111AFCD735A40313E65A94C0835401D40683EAE735A40E7FBB083700835406CB356B38D735A40663B3175C5083540AB84BC6C8D735A400F21377CE0083540A2788F749C735A40964C5AD739093540CEDB5397A4735A40D884B7F765093540C52403CCA8735A40DF61809394093540,return,41,40
43,105 Đường Bưởi - 68 Võ Chí Công,105,0102000020E610000016000000890D40D9A8735A402FD6D98194093540A5DE1B62A8735A404702259FEE093540200B16A0A5735A40E7226B86580A354092D59B3F9C735A4088FE1988C30A3540911A33259B735A40714360F95D0B3540CD75C7A998735A40FAE45489B90B3540911A33259B735A402B143287D90B3540CBBA5E8F97735A406D4C8FA7050C35406DA3116C97735A406BC7E3A42D0C35406872D71C94735A406A0C7B8A2C0C3540722928E88F735A402DB1E6052F0C3540CD0F3BBC8C735A4077E4C05D350C35401BC92B908B735A40C9BEA639410C3540A267DFB385735A406AA92F09820C35407DF0BDFA81735A4076B732F4B30C35402BC1FBF180735A40DD106A27CE0C35406B9261AB80735A400ACA75F0EB0C354009C0AB6D7F735A405F0B5333240D354098056B157F735A40C078E7FC390D3540C733DD997E735A40EE89105FAE0D3540284B2ABD7E735A40CC6CE231420E354067D8BEE480735A402478025D510E3540,return,42,41
44,68 Võ Chí Công - 39 Võ Chí Công,105,0102000020E61000000D0000007B3555E080735A402478025D510E35401C62D94E7E735A40A3C5F1A25B0E3540C733DD997E735A40CCDA3254D50E3540C833DD997E735A4027A5677F670F3540E7BE5BE97D735A406B982DBA940F3540B890E9647E735A40345FF9B6C40F35407C3555E080735A40FC25C5B3F40F3540DEC2733883735A406DE17085151035400F5772AA8E735A402606B4C665103540A588D4BB92735A408CA482DF7E1035401AB9E64895735A40E625743F90103540759FF91C92735A40FF1A97CBA0103540B38230C58A735A4038BA57BC7C103540,return,43,42
45,39 Võ Chí Công - 28 Hoàng Minh Thảo,105,0102000020E6100000080000008248E1C18A735A4037BA57BC7C103540AC01486589735A408DC40C6E6B103540B4E3E97080735A4038832F2B331035409137761974735A400168AFC30E103540BEFF5BB067735A400168AFC30E103540D9139E5144735A4000AD46A90D1035409D1D2B4132735A4082C5E3500F1035408DCF133927735A4012B6C6CB19103540,return,44,43
46,28 Hoàng Minh Thảo - 37 Đỗ Minh Nhuận,105,0102000020E6100000080000007A727D3D27735A403870F3C2191035408055E59C1F735A409621B4F80D1035400F35185713735A409B97852D1010354044A409720C735A40AF5B6E6A1D103540F63FF5CA02735A4093F079A90A103540C62ECC688E725A40A0C8BF7C13103540875D66AF8E725A4084DCCB9EAA10354091F135CB7A725A40D6FD1E53F6103540,return,45,44
47,37 Đỗ Minh Nhuận - 95 Phạm Văn Đồng,105,0102000020E61000000B00000091F135CB7A725A40D6FD1E53F61035404979C48D75725A4000A67A5BFD1035409488B2BC4B725A40AB39E5A1841135402CCA591546725A40E5CA363EAB1135404ECBA99947725A4054BC9F27F5113540B68902414D725A4086C29AA115133540A8A177264E725A400FB800E5451335409D2FBE4051725A40CFD7C05D7013354091BD045B54725A4085950C38941335400864E81C59725A4032AC4C8EB2133540D1398EE75E725A40467035CBBF133540,return,46,45
48,95 Phạm Văn Đồng - 38 Phố Kẻ Giàn,105,0102000020E61000000B00000081C534F95E725A40467035CBBF133540F33ADE6B60725A402E27A18BDA133540E0CC3CD568725A403A35A4760C1435405663DB4F77725A40EA5E6A8082143540FAC15F6179725A409A3013F1A1143540FFF299B07C725A4039B4A459B6143540194DDEB078725A405C0B3C84CD143540AD18B4D470725A40D4C1648DC8143540BB551B1C65725A40C2B8E46ABC14354020485BE852725A40468CEA2CBF14354076FD336D4C725A4020B0A7FFCF143540,return,47,46
49,38 Phố Kẻ Giàn - 27 Tần Xuân,105 ,0102000020E61000000900000076FD336D4C725A40BF985ADCCF1435406C9BBFCE45725A40059BFAE4D2143540A73BEB3842725A407445F6F5DC143540FFDEF2CE42725A40895F26D9FF1435402225DA3843725A40E88723BD1615354067AF1C6541725A400C44DC5B191535402468E5763F725A40EA428CD717153540F37E0AD83E725A409B88308AF814354018C3659A3C725A402F5406AEF0143540,return,48,47
50,27 Tần Xuân - 27 Đường Bờ Tây Sông Nhuệ,105,0102000020E61000000D0000006937BF883C725A40519AED17F114354084C4C97F3E725A408C3A1982ED1435404C67A9533E725A40BBBD6733E21435402800CDE130725A405DB7CAD0F8143540D413CCCBED715A406451D2796915354042688036E2715A40FB2D585E781535404D2F1649D4715A40F8B7862976153540128E7F65B7715A4007B0568B6B1535408FCABEEAAA715A4083DC50C968153540DE3C42E669715A40A48759A75415354077E30AB34F715A401FB453E5511535409B9FC35152715A408C4D9F3545153540B0FB93F950715A40416E369113153540,return,49,48
51,27 Đường Bờ Tây Sông Nhuệ - 109 Đường Bờ Tây Sông Nhuệ,105,0102000020E61000000A000000B2FB93F950715A40F0F9DCA213153540EA14E39353715A4071ACED5C0915354024A277BB55715A40D88624AD79143540A8757D7D58715A40911D8D3D4A143540265DE0D556715A40D5915295CD133540AA30E69759715A40502198547513354034F08EC360715A40B37822DCB9113540B7082C6B62715A402C4DFF80601135403BDC312D65715A402A139683B5103540F120B5B163715A40DF332DDF83103540,return,50,49
52,109 Đường Bờ Tây Sông Nhuệ - 61 Đường Tây Thăng Long,105,0102000020E610000008000000ED20B5B163715A40811CE0BB831035403B52036267715A40608F8B79431035406B3BDE0068715A40627782FDC50F3540CD62706B5E715A409C17AE67C20F3540A8A54C533B715A40E00A74A2EF0F3540AD3BA8162A715A40818E050B04103540F2F745C00D715A40A916D7841E103540ECB55BB0F3705A4091238AEB4E103540,return,51,50
53,Điểm trung chuyển Nhổn - Miếu Đồng Cổ,134,0102000020E6100000040000005B2BE41E226F5A401B00625E340D3540D0B13D523A6F5A407F4613DEF60C3540DC793EDE4C6F5A408EE89B99D60C3540D89E4B355F6F5A40DD5B8A0EB60C3540,go,53,52
54,Miếu Đồng Cổ - Miếu Đồng Cổ,134,0102000020E610000004000000D79E4B355F6F5A40DD5B8A0EB60C354060E98DA5846F5A40C8EB12857D0C35406094B1788F6F5A40AD3B87DE6B0C3540DA5B8A42A16F5A40BF53E1CE4D0C3540,go,54,53
55,Miếu Đồng Cổ - Cao đẳng Ngoại Ngữ và Công nghệ,134,0102000020E610000005000000E05B8A42A16F5A40BF53E1CE4D0C354075D3EEB2C46F5A40AD593B7A170C35403CEE2B63C96F5A40239A924E100C3540A9CEE48BFC6F5A40AB011EE1C00B35404522A71E2E705A403424128E720B3540,go,55,54
56,Cao đẳng Ngoại Ngữ và Công nghệ - ga Phú Diễn,134,0102000020E6100000020000009496000D2E705A4074F57747720B3540BE2F82475F705A40431A0CFD260B3540,go,56,55
57,ga Phú Diễn - 33 Cầu Diễn,134,0102000020E6100000050000000CA4DB355F705A4083EB71B6260B3540CF4847B161705A4040A43AC8240B3540A96C048472705A405B63A03C0C0B35407FC513F58B705A40228DB7BAE60A35403D2900DA94705A404969FAE7D50A3540,go,57,56
58,33 Cầu Diễn - ga Cầu Diễn,134,0102000020E610000004000000558696D594705A404C69FAE7D50A354081E95AF89C705A40BE338087CC0A35406B0653A6C3705A406C687479960A354066803C2ACB705A409EA62B458C0A3540,go,58,57
59,ga Cầu Diễn - UBND phường Từ Liêm,134,0102000020E61000000200000068803C2ACB705A40DD7791FE8B0A35404250884907715A405EF37927380A3540,go,59,58
60,UBND phường Từ Liêm - ga Lê Đức Thọ,134,0102000020E6100000060000003F50884907715A40F13839CF370A35404EE3363711715A402177F09A2D0A35407D02CFED3A715A401669EDAFFB0935408820172063715A40CDFF5540CC0935405B5831896F715A40F90CD3BCBE09354081CF524273715A40F2203053BA093540,go,60,59
61,ga Lê Đức Thọ - 9 Hồ Tùng Mậu,134,0102000020E610000005000000932CE93D73715A4042958941BA0935404EC527C184715A402B5BCFCFAA0935409E3AEC28A5715A402FE07AD2820935406766D999C0715A407F0ED26163093540FE425F7ECF715A406E05523F57093540,go,61,60
62,9 Hồ Tùng Mậu - Trường Quản trị và Kinh Doanh,134,0102000020E61000000C000000D8883287CF715A400EEE041C57093540628D7298D5715A4051353C0A59093540B89892C3E4715A40CE1C9F625709354099857150EA715A40C830FCF85209354014A22647F1715A408073F3D54E0935409DA66658F7715A4001D127634F093540C8D66484F9715A400447F9975109354042C05384FA715A403576D6957109354009633358FA715A40CD0DC59481093540A94BE634FA715A40A631826792093540526347B9FA715A408B721CF3AA09354093EF158DFB715A402E27E8AAC2093540,go,62,61
63,Trường Quản trị và Kinh Doanh - Tòa nhà Bắc Hà,134,0102000020E6100000050000007FEFD074FB715A40F4C9C77EC209354003C3D636FE715A40340B544D960A3540047E3F51FF715A40999A4898D90A35400539A86B00725A407625FDD1160B354007F4108601725A40A49971B5350B3540,go,63,62
64,Tòa nhà Bắc Hà - 655 Phạm Văn Đồng,134,0102000020E610000002000000660B5EA901725A4065C80BFC350B35406FB2692D07725A4014FB00B4530C3540,go,64,63
65,655 Phạm Văn Đồng - Công an Phương Đô Nghĩa,134,0102000020E610000007000000FCE0342B07725A405840ACFA520C35403D6D03FF07725A40D34EF29CA40C3540BF85A0A609725A40B0D9A6D6E10C3540A2B58A710B725A409195955F220D3540048840AF0C725A408EBC78A9750D354025CE27190D725A40B3CE78EE8D0D3540C9E7144510725A40C3FEDB5AED0D3540,go,65,64
66,Công an Phương Đô Nghĩa - Công viên Hòa Binh,134,0102000020E61000000A00000028FF616810725A4043A1A7CDEC0D3540D24989E316725A40FD71795B680E3540180792061B725A40589FF907A50E3540C5C78AB623725A403AF89C0F3B0F354070CD1A4C2B725A40DF491D46A80F3540B314523A2D725A401134635EC90F35400965094B3B725A40E7517511AC1035404F22126E3F725A40BEABEFFBE51035403152FC3841725A4077DF0C0B0C113540550EB5D743725A404E3987F545113540,go,66,65
67,Công viên Hòa Binh - 245 Phạm Văn Đồng,134,0102000020E610000006000000D03C3BBD43725A400F68213C4611354063F8CB9945725A40CDBD9ECC99113540676E9DCE47725A40D8ADED1B201235400ACD21E049725A403056C2C5841235407B8762384A725A40C9A819DF951235404E1459CE4B725A4060312E10D0123540,go,67,66
68,245 Phạm Văn Đồng - Đại học Mỏ - Địa chất,134,0102000020E61000001E000000C0E58DD04B725A409C0294C9CF123540F1CE686F4C725A40C37B8B751413354053A11EAD4D725A4088CC853D421335405E03934B54725A408438006D9413354011050B9256725A40E0745AE7A613354021A8FEC656725A4022BC91D5A8133540E0C5E84C40725A40DEB9F1CCA51335403BACFB203D725A401A158651A31335401535DA6739725A405F17265AA61335406078F90636725A40D988B77DA21335402ED4B54D34725A40D1E1ABF99C133540AD7681C033725A40394ABDFA8C1335403CBC406833725A40577FF4A3761335400BD365C932725A4045854E4F40133540ABBB18A632725A4062FF1CDE2813354026E812E42F725A4064E71362AB123540C3155DA62E725A40ED9336DA5A123540E2A0DBF52D725A40E17659215312354060883E4E2C725A40DC451FD24F123540149AFBDB24725A401A5C1C714E123540097D1E231D725A40DB8AB6B74E1235408A2EC463F2715A405BA3535F50123540FBF84903E9715A405BA3535F50123540AD3EEEB5C9715A405D5EBC79511235405EDAD90EC0715A405D5EBC79511235402A7B2D3BBD715A40DDBBF00652123540F51B8167BA715A405E19259452123540F2A5AF32B8715A409EEA8A4D5212354071487BA5B7715A409B74B91850123540A4ECBE5EB9715A4099B950FE4E123540,go,68,67
69,Đại học Mỏ - Địa chất - 138 Phạm Văn Đồng,134,0102000020E61000000D000000F560184DB9715A4099B950FE4E1235408762AB88DA715A4099B950FE4E123540D6C6BF2FE4715A40D88AB6B74E123540032C5A452D725A40DA451FD24F1235400D8ECEE333725A4087BDAB6F6C1335407060842135725A4016AE8EEA7613354018F042823A725A40AC8A14CF85133540DC94AEFD3C725A40CC6BDAC49A1335409CC348443D725A4052FA48A19E1335400FE4158A49725A40D412E648A0133540D443EA1F4D725A4034D4EBC58A1335404DFA122948725A404FA22B08481335400AB3DB3A46725A407D79EB6C11133540,return,69,68
70,138 Phạm Văn Đồng - Đối diện Công viên Hòa Bình,134,0102000020E6100000050000006BCA285E46725A40FF1BB7DF10133540E53BBA8142725A4071673C9C5D123540240D203B42725A40BD6459DC3A1235406168B4BF3F725A408E0E9994C7113540BA935E793B725A40704B873A5E113540,return,70,69
71,Đối diện Công viên Hòa Bình - Siêu thị Metro Thăng Long,134,0102000020E6100000070000006C1F058B3B725A402DBFB8665D113540ACF06A443B725A40EB865B46311135405F47BFB732725A402599ACFFAD1035400F2842F627725A401E2E09B3FF0F35408999D31924725A409B78B78CA80F3540BD4D5C1A1C725A4007754E5E460F35401DCACAB107725A401EB1070A020E3540,return,71,70
72,Siêu thị Metro Thăng Long - Bộ Công An,134,0102000020E610000009000000F9C9408107725A40BE542301030E35403525D50505725A40D876D4F6940D3540200C109C02725A407E582E182E0D3540B051CF4302725A40420C7461060D3540CD21E57800725A40442A28FDB10C35400EAEB34C01725A40EED970ECA30C35409EF372F400725A40FCC0908D820C35404CC4B0EBFF715A4085D4AA6C5E0C3540787C513BFD715A4047CD879B350C3540,return,72,71
73,Bộ Công An - 126 Phăm Văn Đồng,134,0102000020E610000005000000787C513BFD715A4007FC21E2350C3540097D79FDFD715A40DB51F0E6ED0B3540D8D83544FC715A40040750CA890B3540C67AD9F4FA715A40B927E725580B354053053082F9715A4084C7CFD8340B3540,return,73,72
74,126 Phăm Văn Đồng - 52 Hồ Tùng Mậu ,134,0102000020E61000000B00000054053082F9715A40C1983592340B354066638CD1FA715A402C7718C8260B354062EDBA9CF8715A40D313DB03C10A35401FA683AEF6715A40C07C8030350A3540ED0140F5F4715A4075ACF159D90935406CA40B68F4715A40509AF114C10935401389A6F5EE715A401A3ADAC79D093540D5C78583E5715A4011E73FF76C09354052AFE8DBE3715A40862797CB650935400CF2DFB8DF715A40C2822B5063093540A543CC58D0715A400AFB9C8D68093540,return,74,73
75,52 Hồ Tùng Mậu - Ga Lê Đức Thọ,134,0102000020E610000006000000A543CC58D0715A400BFB9C8D68093540860D2A36C6715A4091890B6A6C093540055AAE02B0715A40F56C7168840935405899B552A7715A4043D1850F8E09354016FC36BE8F715A40708A91D8AB093540E1F1661782715A400ADDE8F1BC093540,return,75,74
76,Ga Lê Đức Thọ - Đối diện UBND Từ Liêm,134,0102000020E6100000060000001C092A0A82715A401780DC26BD09354053DD3C9966715A4080947C74D80935405287F5F250715A40A661E5D3F1093540666AFD442A715A40A9C8DC3A1E0A354020ADF42126715A4033CD1C4C240A3540ECF700A80D715A4065B76264450A3540,return,76,75
77,Đối diện UBND Từ Liêm - Đối diện ga Cầu Diễn,134,0102000020E610000003000000EBF700A80D715A4065B76264450A3540F723B82EEB705A40E28FEBEE6D0A35407D5CDF64D9705A404BA48B3C890A3540,return,77,76
78,Đối diện ga Cầu Diễn - Đối diện siêu thị Dos Mark,134,0102000020E610000005000000CB73E76FD9705A404BA48B3C890A3540684BEA8BC2705A4059D218B6A70A3540ADD52CB8C0705A40FEEB05E2AA0A35401FC2C88DA6705A4018377014D10A3540E82F56C39D705A402CFB5851DE0A3540,return,78,77
79,Đối diện siêu thị Dos Mark - Đối diện ga Phú Diễn,134,0102000020E610000006000000EA2F56C39D705A408B12A674DE0A35406B6A09A18E705A408AAD8400F30A354021AF8C258D705A404F0D5996F60A3540AF9E042777705A40BD523333150B3540F76B529171705A40A9E4919C1D0B35406B461D785E705A40F7E384CF3B0B3540,return,79,78
80,Đối diện ga Phú Diễn - Ngõ 32 Cầu Diễn,134,0102000020E61000000300000018D2C3895E705A404658DEBD3B0B354041F111F549705A407311EA86590B3540FDA86F8D27705A40C4218D7A8E0B3540,return,80,79
81,Ngõ 32 Cầu Diễn - Đối diện ga Minh Khai,134,0102000020E610000004000000FFA86F8D27705A4042C458ED8D0B354020530DF2F26F5A40BF8D07AAE00B3540799DD6C0BA6F5A400372F316380C3540306AFC68B46F5A40941D3FAC430C3540,return,81,80
82,Đối diện ga Minh Khai - Ngõ 136 Cầu Diễn,134,0102000020E610000004000000326AFC68B46F5A40911D3FAC430C354097E4DE589D6F5A40C5C2EDDE650C3540EC984C64766F5A40E01E08D2A20C3540474C99416D6F5A407A715FEBB30C3540,return,82,81
83,Ngõ 136 Cầu Diễn - Điẻm trung chuyển Nhổn 2,134,0102000020E6100000060000001F926C4A6D6F5A40DA88AC0EB40C35407ACD5B4B5F6F5A40FA697204C90C35401BA3D2BF456F5A40FA5A9836F30C35403552F3EC366F5A40626F38840E0D35403F91E6DB2D6F5A40496B3B2A280D3540A67155B9226F5A40585431BE470D3540,return,83,82
85,Bến Xe Giáp Bát-807 Giải Phóng,167,0102000020E61000000200000050DDCFE4D5755A4027CA0736F8FA3440073735C4D6755A403711C0CC0CFC3440,go,85,84
86,807 Giải Phóng-649 Giải Phóng,167,0102000020E610000002000000073735C4D6755A4060EE4BC80CFC3440C4BF83E1D7755A40388C962E42FD3440,go,86,85
87,649 Giải Phóng-487 Giải Phóng,167,0102000020E610000004000000257562D6D7755A40D3AD74DB41FD344029766CF1D6755A4054157BF842FD3440729F1029D8755A4085992C514EFE344018B4E2C4D8755A40D1EE332C50FE3440,go,87,86
88,487 Giải Phóng-175-177 Giải Phóng,167,0102000020E61000000500000014B4E2C4D8755A401BE33B2950FE34406CB59A93D7755A40B5E07727CEFE3440A25E53DED8755A408BA4B8B3CFFF34404C5EA52AD9755A40B0A5162B2600354041879BAEDA755A406756B0934C003540,go,88,87
89,175-177 Giải Phóng-Gần Cổng Parabol ĐH Bách Khoa - 17 Giải Phóng,167,0102000020E610000005000000EA9132B0DA755A403D6370AB4C003540DC1251DED9755A4002EE46E46E003540A167845DDA755A40589FBC74E5003540BFBC6590DA755A40ADD90DB227013540F085E3DFDB755A40E44BA1A443013540,go,89,88
90,Gần Cổng Parabol ĐH Bách Khoa - 17 Giải Phóng-Đối Diện 394 Lê Duẩn,167,0102000020E6100000070000009220DDE3DB755A40E44BA1A4430135409AF6DC44DB755A40D053BE7E600135409AF6DC44DB755A4023FA1723E401354049F842C7D9755A4069C24D2536023540694F3830D8755A405F0F1FD846023540D3CEC7B5D8755A40090286FE64023540DE77A926DA755A40237524D96F023540,go,90,89
91,NULLĐối Diện 394 Lê Duẩn-Hà Nội 259 Lê Duẩn,167,0102000020E61000000400000087A2052DDA755A4067BB831470023540704F3830D8755A40A57BCC5EA7023540164E8061D9755A40F2DED75E930335406562A449DA755A40859E69C4FF033540,go,91,90
92,Hà Nội 259 Lê Duẩn-Đối Diện 28 Trần Bình Trọng - Hồ Thiền Quang,167,0102000020E6100000050000000C8D0050DA755A40849E69C4FF03354027F86BEDD9755A40BB5BBD31370435407FF819A1D9755A40A761CC5F84043540E324BDE6FD755A404E282A467604354063C9F15D03765A40C9EB5CCEB9043540,go,92,91
93,Đối Diện 28 Trần Bình Trọng - Hồ Thiền Quang-Bảo tàng công an nhân dân - Trần Bình Trọng,167,0102000020E6100000040000007189675403765A40EE895F6FB904354058800D610B765A40F181ACDB2B053540ADC9240316765A407D57E91BA1053540EF1BBFBE18765A403E4711F8B9053540,go,93,92
94,Bảo tàng công an nhân dân - Trần Bình Trọng-65 Quán Sứ (Đối diện 80 Quán Sứ),167,0102000020E61000000400000090461BC518765A406EAF31ECB905354099EEF21A1B765A40991ADA82E00535403FFE0D3E0D765A401EDEA8FDF305354041A4D15D11765A40EAB45AFB17063540,go,94,93
95,65 Quán Sứ (Đối diện 80 Quán Sứ)-12A Điện Biên Phủ,167,0102000020E6100000090000008F299D5E11765A40157D4A0118063540C2063F481D765A404D469FC7B00635405BFE40BC24765A404F4ACB0D0C0735406D73B49C08765A40D05463552C0735401C751A1F07765A4051CB56722D0735405921F1BA05765A40F6FB170333073540B3D93F9BF9755A4072984DD24407354072E2EBDAF1755A40253DF3DF620735408CEC4FE9E8755A40EEEC05CD8C073540,go,95,94
96,12A Điện Biên Phủ-Đối Diện Bệnh Viện Xanh Pôn - 60 Trần Phú (Bộ Tư Pháp),167,0102000020E6100000030000000017D515E9755A406422889D8C073540E52E17EBD3755A40000FBD62DC073540E4E2A40B80755A40DAC9786D1E083540,go,96,95
97,Đối Diện Bệnh Viện Xanh Pôn - 60 Trần Phú (Bộ Tư Pháp)-240 Kim Mã,167,0102000020E6100000050000009E62E24480755A406681395F1E083540CBCDDD5021755A40328BA17E6408354063F3EFA3D2745A40F5D54AF126083540A7D77D32C9745A405BE2BD83200835403E4BBC82BD745A4007112B021D083540,go,97,96
98,240 Kim Mã-10 Đào Tấn - Viện Vật Lý,167,0102000020E61000000B00000093711790BD745A40FD8E08341D08354071A54A4BA6745A40287BBC2D0F083540FAA8ED29A3745A407AACB10515083540D7E9520F97745A40AC5D153B0D083540BB86622394745A403F6A8B020E08354048D3835050745A40FCF7770DE7073540C86D4AD638745A40586F1396DA073540F19CF9BD25745A4020BC6EE5EC073540F08295690F745A4090BDEE37060835405A51164FF7735A402D867EFB1D0835403057F472DB735A40F1304B7C3F083540,go,98,97
99,10 Đào Tấn - Viện Vật Lý-Số 148-150 Cầu Giấy,167,0102000020E61000000F00000036CA059BDB735A40F11FC4CD3E0835408DE03123B1735A400D16826F6A083540303A93C3A5735A40B77186227D083540D29D293386735A402ED63C19D80835402F2A643E7B735A40912C23E99B08354056FDEF9B75735A40081550AE77083540979CC19970735A40607582055C083540E38A0B9C69735A400AD59FCA37083540C0CB70815D735A40F68CB64DFF073540665327B956735A40409A9630DE073540172A56F54D735A409823DA91B9073540BD1A62E144735A4091146B0CCD0735401A10F2A037735A40654BCABEFD0735403ACC8F6024735A400097D35F47083540518BA3D619735A4068A9B1CF72083540,go,99,98
100,Số 148-150 Cầu Giấy-Gần Nhà Sách Sư Phạm (Đại Học Sư Phạm Hà Nội) - 136 Xuân Thủy,167,0102000020E61000000E000000366B07F819735A406CA9B1CF720835405E31612B09735A402CEDDBFFAE0835406BC595C002735A40EB86D369BD083540210FD624FA725A406F04B019C90835404D5FA879E0725A404DF6B1A7E80835404AD232FDC9725A40791C7E0A070935400DF56387B6725A4084DC13F91F093540D6141F5B9A725A402B5955C944093540AD791D6490725A40E6096D1550093540C1C51FB285725A40B84FE125550935407430FCDE5F725A40CE52B28C5C093540110A1A2D49725A404F7B83AA5F0935402A181F0326725A40F1D1C20565093540F5B669E718725A4048EB4D8768093540,go,100,99
101,Gần Nhà Sách Sư Phạm (Đại Học Sư Phạm Hà Nội) - 136 Xuân Thủy-Bệnh Viện Đa Khoa Y Học Cổ Truyền - 6 Phạm Hùng,167,0102000020E610000007000000234A17EE18725A40092FC593680935401BE13A9504725A40092FC5936809354096ACCC68FA715A40003B95FA6F093540C537267FF0715A40509D7D89710935403F793F31EF715A40A2CDD2F14B093540DA6CC1D3EE715A4081D991D822093540CC5D2726EB715A4030781DD1D1083540,go,101,100
102,Bệnh Viện Đa Khoa Y Học Cổ Truyền - 6 Phạm Hùng-Bến Xe Mỹ Đình,167,0102000020E6100000070000002C848233EB715A401D87B7ABD10835406847ED54E8715A40A1B19C5E74083540F426F70FE3715A406BCF6C7CF80735401B1E1C91DF715A40AF4C2449A60735406EADCC52DD715A407ECD9A4D710735405ABDED8EDA715A4087CA31073C0735404764B916DA715A408DCEBB5338073540,go,102,101
84,Điểm trung chuyền Nhổn về ga,134,0102000020E610000007000000E859B9D3226F5A401D0E0216480D3540F20B85E1C46E5A40E01F1C3F470E3540F22FC2F5946E5A40EED1DDC5C90E35406820C589936E5A403398964DC20E3540EA94CB8EE76E5A40996FF75BD90D3540CFCC8600126F5A40F43C17A8630D3540664C5B75226F5A403145BD11370D3540,return,52,83
103,Bến Xe Mỹ Đình  - Đối diện bệnh viện đa khoa y học cổ truyền-Phạm Hùng,167,0102000020E61000000D000000E52D101ADA715A407E6377B73807354018A20237D9715A4063FAB3D2160735405289067CD8715A408A5D1CDDFE06354023F17A3BD7715A4029987E37DB063540B971EBB5D6715A40D52F5AA5D206354084CFA301D3715A406106B6E26F063540F8EF9946D8715A406E506F5A6D06354001910006DD715A4009133B87DE06354006BF559DE1715A40A896A37E480735403C853675E7715A4050487CF3CC073540D733FC86EB715A4088911CFB2C083540F8A0A8E6F0715A4027A31380A7083540535EAE3FF3715A40D76A2DB4CC083540,return,103,102
104,Đối diện bệnh viện đa khoa y học cổ truyền-Phạm Hùng-Số 241 Xuân Thủy (Đối Diện ĐH Quốc Gia),167,0102000020E610000007000000AA84094DF3715A406F0C1CCDCC0835408E6E29E2F5715A4018DB106717093540EE9E4063F8715A40694560943D0935406FEA1589F9715A40BCC155A451093540F287D96901725A40F3658FBE5C093540D203C61005725A401B45EC145F09354059149B190D725A4012C4E0B75D093540,return,104,103
105,Số 241 Xuân Thủy (Đối Diện ĐH Quốc Gia)-Số 79 Xuân Thủy (Đối Diện Học Viện Báo Chí Và Tuyên Truyền),167,0102000020E6100000040000005B149B190D725A4015C4E0B75D093540202BB6F52B725A4067C9C3735C093540787D5EA465725A404E1DB59A53093540D7354D3275725A40F6891C324E093540,return,105,104
106,Số 79 Xuân Thủy (Đối Diện Học Viện Báo Chí Và Tuyên Truyền)- Đối diện tòa nhà Discovery Complex,167,0102000020E61000000600000037BE8A2875725A403127FC7A4E0935409D7C43DB85725A40C2442EEA4C0935403EE0E74892725A40A8DCE7A74509354083AA95B6AB725A405A093D7C26093540E928892CCA725A40333A8435FD0835409192F7BED7725A408EEA6300E8083540,return,106,105
107,Đối diện tòa nhà Discovery Complex-165 Cầu Giấy Bưu Điện,167,0102000020E610000005000000D7D742ACD7725A404FC60B37E80835401633EACF01735A40A7EB241DB60835405D2E997808735A40236A3E80A7083540D9215D5D17735A40FCC8C06D6D083540609650201B735A405C057DC75B083540,return,107,106
108,165 Cầu Giấy Bưu Điện-Cầu Yên Hòa - Đối Diện 1166 Đường Láng,167,0102000020E61000000B0000005C9650201B735A4068CAA7285C083540D448DF3D25735A408F82AF0C390835409A2E58EE36735A401D465259F407354089AD281042735A40E54D64C9CA073540F35323E449735A4071625D57B5073540E2ECA6EC4B735A404557E9B2AE073540CB266D2A3F735A4064776162750735400DDD11EF2D735A406A32431729073540A3774CE22A735A4072051298140735409EFEDB3025735A401A6C294DFC063540B830B7AA20735A403B3C75F1E8063540,return,108,107
109,Cầu Yên Hòa - Đối Diện 1166 Đường Láng-Đối Diện 794 Đường Láng,167,0102000020E61000000B000000D4D538B120735A40F729C009E9063540070E132A1B735A40A3A96D33BC0635401E08B3B915735A40F2C5D0E091063540BE76460C14735A4055D9AE7B7B0635407FF4071513735A401E4AEC1D5D06354068B932BE13735A4008A1844A47063540B44705FF16735A401D927AFF2E06354022E505F61A735A404AF5D7041C063540A662F39522735A40EB1F384F000635404CAED92426735A40EF7781C8F305354000613CAB27735A4094C7B16EEB053540,return,109,108
110,Đối Diện 794 Đường Láng-Đối Diện 608 Đường Láng,167,0102000020E61000000C0000006E27B48A27735A40A7F5479FEB0535403F9756F631735A40D5745DFACA05354065C40CB03C735A40EAE73E39A105354032F3795442735A4037DEB4E485053540E82747694D735A4066A4052E3605354012F11A9858735A401AAA4A91E40435400115030C68735A407C53E2D37304354051E40A1470735A40171B1523450435409BBC0CF97B735A4018D98DC010043540699091EF85735A40B4CBFB72ED0335405573449C90735A40E875A02CC203354029C93321A4735A4030C6E5C17B033540,return,110,109
111,NULLĐối Diện 608 Đường Láng-Đối Diện 498 Đường Láng,167,0102000020E610000005000000938FAB00A4735A406CE089FF7A033540CF829B7CBB735A40279526D83A033540C6602969D5735A402627C39DF4023540F46A325FE5735A40FA699433C8023540029E4889F5735A40157CB58B9C023540,return,111,110
112,Đối Diện 498 Đường Láng-Ngã tư sở,167,0102000020E61000000B0000001743CA8FF5735A40171D01A49C023540FCF63B2F03745A40337BDD147E0235402701452513745A400BAA3C4F580235406669D0351D745A409C47475B3D023540C873AD9424745A4089091BD91D02354080A87AA92F745A40E2CF4F5FE7013540641BB78138745A408A11298AB7013540559A87A343745A40A9429B9277013540069719CE4D745A409693211C3D01354079AD8A7657745A4015B04DBD1E013540069524C65F745A40D5D441DDFA003540,return,112,111
113,NULLNgã tư sở-225 Trường Chinh,167,0102000020E6100000070000001C3AA6CC5F745A403D1884A0FA0035405032BB0868745A40553E482FE300354005F4E1906E745A40AEB8D78FD60035402946252399745A403C5F3D03A700354097E3251A9D745A40A9E7F1479E0035402A9D23C1B8745A40C85C8D0C810035404E035015D9745A40467FB3E15E003540,return,113,112
114,225 Trường Chinh-83A Trường Chinh,167,0102000020E61000000E0000006CA8D11BD9745A4067821BB15E00354048E3D209E1745A40C0A7CB085C003540ED3B8892FB745A402F235ACD3E0035407FF5853917755A40BB4F2F1418003540C8CD871E23755A40D352A8E4080035406FE507E038755A4040328B7EF2FF3440BCC1DEE157755A40EE5F8239D2FF344009DB158E68755A40ABDB46B2C5FF3440180E2CB878755A403FA72C72BBFF344061EF277A88755A40B753E1D0B0FF34408480C0BE92755A4036B0C590A6FF344086A7429FA0755A40901D942398FF344032C7818DA5755A4074CD5BAF91FF34407249C084A6755A40A70DD1988FFF3440,return,114,113
115,83A Trường Chinh-196 Giải Phóng - Ngân Hàng Nông Nghiệp & PTNT Chi Nhánh Nam Hà Nội,167,0102000020E61000000B000000E7767F81A6755A407BED84808FFF3440E4748A79B8755A40655EE8C07DFF344007C5EDF6BD755A407EA480F17DFF3440E54024ACCA755A404CE8F15171FF3440F37E29BBCC755A40FE43D08E63FF34404277A8ABD0755A403755509350FF3440799834D0D4755A40139926CA3BFF3440203F030DD4755A40E922D82CD9FE3440AEAAFCF2D3755A4067DD702B87FE3440E358E28AD3755A40291E33764DFE3440FE61461CD3755A40359FA58D40FE3440,return,115,114
116,NULL196 Giải Phóng - Ngân Hàng Nông Nghiệp & PTNT Chi Nhánh Nam Hà Nội-352 Giải Phóng,167,0102000020E6100000060000006C4C1310D3755A40305E6C7B40FE3440C5A544D3D3755A40CF7B3A0DFBFD344031021003D3755A408FA0857C34FD3440B935CEFED1755A4076A6F41772FC34402A2EB7A3D1755A409329154315FC344061DC9C3BD1755A4002642E88FDFB3440,return,116,115
117,NULL352 Giải Phóng-Bến xe Giáp Bát,167,0102000020E610000007000000E9479621D1755A4006642E88FDFB3440784FAD7CD1755A403EA5715291FB3440011F89EDD0755A4097DD2C6418FB344053A46151D0755A404808924F84FA3440BF416248D4755A404808924F84FA344070BC89E4D4755A40CA6325BBCEFA3440B1DAE550D6755A4011B7F525D2FA3440,return,117,116
118,Prepare,167,0102000020E6100000040000005CF1862DD6755A4064B62AA6D1FA3440479C70A4D7755A4020DE46ADD3FA3440F8FDEEE8D7755A409426ADF2F7FA3440666CA3ECD5755A40570C840FF8FA3440,return,84,117
